MOD	AICombatCore	2	1	false	Control	113
MOD	AblativeArmor	1	1	false	Utility	19
MOD	AccessHatch	1	1	false	Structural	19
MOD	AdvancedOxygenator	2	1	true	LifeSupport	150
MOD	AdvancedRadar	1	1	true	Detection	150
MOD	AdvancedRepairBay	2	1	true	Utility	188
MOD	Afterburner	1	1	false	Propulsion	90
MOD	AirCirculator	1	1	false	LifeSupport	45
MOD	AirlockChamber	1	1	false	Utility	45
MOD	AirlockValve	1	1	false	Structural	38
MOD	AmmoAutoloader	1	1	true	Weapons	90
MOD	AmmoBay	1	1	false	Storage	38
MOD	AmmoFeedUnit	1	1	false	Weapons	30
MOD	AngledArmorPlate	1	1	false	Utility	64
MOD	AngledHullPlate	1	1	false	Structural	19
MOD	ArmorPlate	1	1	false	Structural	60
MOD	AtmosphereMonitor	1	1	false	LifeSupport	30
MOD	AttitudeThruster	1	1	false	Propulsion	60
MOD	AutopilotCore	1	1	false	Control	68
MOD	Barracks	2	1	true	Crew	90
MOD	BarrelExtension	1	1	false	Weapons	23
MOD	BasicQuarters	1	1	true	Crew	30
MOD	BatteryBank	1	1	false	Power	45
MOD	BlackBox	1	1	false	Utility	225
MOD	BoreEvacuator	1	1	false	Weapons	26
MOD	BridgeWing	3	2	true	Control	135
MOD	Brig	1	1	true	Crew	45
MOD	BulkCargoHold	2	2	false	Storage	98
MOD	Bulkhead	1	1	false	Structural	23
MOD	CO2Scrubber	1	1	true	LifeSupport	38
MOD	Cannon	1	1	true	Weapons	113
MOD	Capacitor	1	1	false	Power	113
MOD	ChaffDispenser	1	1	false	Utility	53
MOD	ClusterRocket	1	1	true	Weapons	98
MOD	Coilgun	1	1	true	Weapons	135
MOD	ContainmentField	1	1	false	Power	113
MOD	ConveyorTube	1	1	false	Utility	30
MOD	CoolingJacket	1	1	false	Weapons	26
MOD	CoolingPump	1	1	false	Utility	90
MOD	CornerArmorPlate	2	2	false	Structural	41
MOD	Corridor	1	1	false	Structural	11
MOD	CreatureContainment	2	1	false	Storage	83
MOD	CreatureScanner	1	1	false	Detection	150
MOD	CryoStorage	1	1	false	Storage	60
MOD	DecoyLauncher	1	1	false	Utility	68
MOD	DeepFloodlight	1	1	false	Utility	45
MOD	DepthScanner	1	1	false	Detection	68
MOD	DockingHub	3	3	false	Utility	165
MOD	DockingPort	1	1	false	Utility	60
MOD	DroneBay	2	1	true	Utility	225
MOD	EMPPulse	1	1	true	Weapons	150
MOD	EmergencyBulkhead	1	1	false	Structural	60
MOD	EmergencyForceField	1	1	false	Utility	70
MOD	EmergencyO2Cache	1	1	false	Utility	30
MOD	EmergencyShutdown	1	1	false	Power	60
MOD	EmergencyThruster	1	1	false	Propulsion	90
MOD	EngineNozzle	1	1	false	Propulsion	26
MOD	EngineeringStation	1	1	true	Crew	90
MOD	FireSuppression	1	1	false	LifeSupport	60
MOD	FirebreakWall	1	1	false	Structural	38
MOD	Floodlight	1	1	false	Utility	23
MOD	FocusingArray	1	1	false	Weapons	60
MOD	FuelEnrichmentUnit	1	1	false	Power	75
MOD	FuelInjector	1	1	false	Propulsion	53
MOD	FuelProcessor	1	1	false	Utility	60
MOD	FuelTank	1	1	false	Storage	30
MOD	FusionReactor	3	3	true	Power	900
MOD	GalleyMess	2	2	false	Crew	105
MOD	Gatling	1	1	true	Weapons	75
MOD	GravityCompensator	1	1	false	Utility	150
MOD	GuidedMissile	1	1	true	Weapons	188
MOD	HeatVent	1	1	false	Utility	45
MOD	HeavyMissile	1	1	true	Weapons	150
MOD	HelmStation	1	1	true	Control	45
MOD	HullBeam	1	1	false	Structural	15
MOD	HullCorner	1	1	false	Structural	11
MOD	HullPatch	1	1	false	Utility	15
MOD	HullReinforcePlate	1	1	false	Utility	38
MOD	HullSealer	1	1	false	Utility	45
MOD	HydrophoneArray	2	1	true	Detection	188
MOD	InertialDampener	1	1	false	Propulsion	75
MOD	IonDisruptor	1	1	true	Weapons	135
MOD	JetDrive	1	1	true	Propulsion	135
MOD	LadderShaft	1	1	false	Structural	15
MOD	LargeCargo	2	1	false	Storage	60
MOD	LargeEngine	2	1	true	Propulsion	225
MOD	LargeReactor	2	1	true	Power	375
MOD	Laser	1	1	true	Weapons	150
MOD	MagneticAccelerator	1	1	false	Weapons	113
MOD	MaintenanceLocker	1	1	false	Utility	23
MOD	MaintenanceTunnel	1	1	false	Structural	11
MOD	ManeuverThruster	1	1	false	Utility	15
MOD	ManeuveringThruster	1	1	false	Propulsion	30
MOD	MedBay	1	1	true	Crew	75
MOD	MemoryCore	1	1	false	Control	140
MOD	MessHall	1	1	false	Crew	45
MOD	MineralExtractor	1	1	false	Utility	68
MOD	MineralScanner	1	1	false	Detection	150
MOD	MiningDrill	1	1	false	Weapons	75
MOD	MuzzleBrake	1	1	false	Weapons	30
MOD	NavigationConsole	1	1	true	Control	60
MOD	OfficerQuarters	1	1	true	Crew	68
MOD	OverchargeCapacitor	1	1	false	Weapons	90
MOD	OxygenScrubber	1	1	true	LifeSupport	45
MOD	OxygenTank	1	1	false	LifeSupport	68
MOD	PassiveRadar	1	1	true	Detection	75
MOD	PlasmaCaster	1	1	true	Weapons	188
MOD	PointDefenseDrone	1	1	false	Utility	135
MOD	PowerConduit	1	1	false	Power	30
MOD	PowerRegulator	1	1	false	Power	45
MOD	PressureFrame	1	1	false	Structural	150
MOD	PressureSensor	1	1	false	Detection	26
MOD	ProximityAlarm	1	1	false	Detection	26
MOD	RTG	1	1	false	Power	188
MOD	RadarArray	1	1	true	Detection	60
MOD	RadiationHardening	1	1	false	Utility	68
MOD	Railgun	2	1	true	Weapons	300
MOD	ReactorCooling	1	1	false	Power	34
MOD	ReactorFuelRod	1	1	false	Power	45
MOD	RecRoom	1	1	false	Crew	38
MOD	RecoilAbsorber	1	1	false	Weapons	38
MOD	ReinforcedJoint	1	1	false	Structural	34
MOD	ReinforcedVault	1	1	false	Storage	75
MOD	RepairBay	1	1	true	Utility	75
MOD	ResearchLab	2	1	true	Utility	98
MOD	RudderAssembly	1	1	false	Propulsion	38
MOD	SalvageArm	1	1	true	Utility	68
MOD	Searchlight	1	1	false	Utility	38
MOD	ShieldEmitter	1	1	false	Utility	60
MOD	SignalBuoy	1	1	false	Utility	19
MOD	SignalJammer	1	1	false	Utility	98
MOD	SilentDrive	1	1	true	Propulsion	150
MOD	SmallCargo	1	1	false	Storage	23
MOD	SmallEngine	1	1	true	Propulsion	38
MOD	SmallReactor	1	1	true	Power	75
MOD	SolarCell	1	1	false	Power	23
MOD	SpecimenVault	1	1	false	Storage	53
MOD	StaggeredArmorPlate	3	2	false	Structural	225
MOD	StandardEngine	1	1	true	Propulsion	75
MOD	StandardReactor	1	1	true	Power	135
MOD	StealthCoating	1	1	false	Utility	113
MOD	StructuralBrace	1	1	false	Structural	30
MOD	SurgicalBay	3	2	true	Crew	180
MOD	TargetingComputer	1	1	false	Control	75
MOD	ThermalImager	1	1	false	Detection	90
MOD	ThermalInsulator	1	1	false	Structural	23
MOD	ThermalVentGenerator	1	1	false	Power	53
MOD	ThrustVectoring	1	1	false	Propulsion	60
MOD	TractorBeam	1	1	false	Weapons	113
MOD	TrainingRoom	1	1	true	Crew	83
MOD	Transformer	1	1	false	Power	75
MOD	VectorThruster	1	1	false	Propulsion	135
MOD	VibrationDamper	1	1	false	Structural	26
MOD	ViewPort	1	1	false	Structural	26
MOD	WarheadBay	1	1	false	Weapons	45
MOD	WasteRecycler	1	1	false	LifeSupport	38
MOD	WellnessHub	3	3	true	Crew	173
